{
  "baseline": {
    "recall": [
      0.9342105263157895,
      0.9342105263157895,
      0.9342105263157895,
      0.9210526315789473,
      0.9210526315789473,
      0.9210526315789473,
      0.9078947368421053,
      0.8947368421052632,
      0.8947368421052632,
      0.881578947368421,
      0.881578947368421,
      0.868421052631579,
      0.8289473684210527,
      0.7631578947368421,
      0.75,
      0.618421052631579,
      0.5394736842105263,
      0.039473684210526314,
      0.0
    ],
    "far": [
      0.3815789473684211,
      0.25,
      0.14473684210526316,
      0.09210526315789473,
      0.06578947368421052,
      0.039473684210526314,
      0.013157894736842105,
      0.013157894736842105,
      0.013157894736842105,
      0.013157894736842105,
      0.0,
      0.0,
      0.0,
      0.0,
      0.0,
      0.0,
      0.0,
      0.0,
      0.0
    ]
  },
  "neg-augmented": {
    "recall": [
      0.9342105263157895,
      0.9342105263157895,
      0.9342105263157895,
      0.9342105263157895,
      0.9342105263157895,
      0.9210526315789473,
      0.9210526315789473,
      0.8947368421052632,
      0.8947368421052632,
      0.868421052631579,
      0.868421052631579,
      0.8552631578947368,
      0.8421052631578947,
      0.8289473684210527,
      0.7894736842105263,
      0.7368421052631579,
      0.618421052631579,
      0.27631578947368424,
      0.039473684210526314
    ],
    "far": [
      0.3157894736842105,
      0.18421052631578946,
      0.15789473684210525,
      0.13157894736842105,
      0.10526315789473684,
      0.07894736842105263,
      0.07894736842105263,
      0.039473684210526314,
      0.039473684210526314,
      0.039473684210526314,
      0.013157894736842105,
      0.013157894736842105,
      0.013157894736842105,
      0.013157894736842105,
      0.013157894736842105,
      0.0,
      0.0,
      0.0,
      0.0
    ]
  }
}